event_id,n_observations,first_seen,last_seen,active_days,temporal_span_days,detection_frequency_per_day,centroid_lat,centroid_lon,cluster_radius_km,spatial_std_km,mean_frp,median_frp,max_frp,frp_std,mean_brightness_ti4,max_brightness_ti4,mean_brightness_ti5,night_activity_ratio,day_activity_ratio,confidence_high_ratio,cluster_method,spatial_eps_km,temporal_eps_hours,min_samples,mean_jaccard,median_jaccard,min_jaccard,max_jaccard,configs_ge_0_5,configs_ge_0_8,configs_with_match,robustness_class,candidate_tier
evt_25,9,2026-09-05 02:36:00+05:30,2026-09-08 01:40:00+05:30,4,2.9611111111111112,2.2720897615708275,17.95726555555556,80.79423444444446,0.4250290959317027,0.11368500983605778,1.287777777777778,1.17,2.72,0.6881638209354256,304.1466666666667,310.34,284.9788888888889,1.0,0.0,0.0,baseline_st_dbscan,1.0,48.0,2,0.66666,1.0,0.0,1.0,3.0,3.0,4.0,high,A_persistent_robust
evt_26,7,2026-09-05 02:36:00+05:30,2026-09-08 01:40:00+05:30,4,2.9611111111111112,1.767180925666199,18.71829285714286,79.53848571428571,0.37052469788165976,0.06464095858830442,1.3542857142857143,1.46,1.7,0.26744825934855404,307.72142857142853,312.58,291.4542857142857,1.0,0.0,0.0,baseline_st_dbscan,1.0,48.0,2,0.6571400000000001,1.0,0.0,1.0,3.0,3.0,4.0,high,A_persistent_robust
evt_14,7,2026-08-26 02:23:00+05:30,2026-08-29 01:27:00+05:30,3,2.9611111111111112,1.767180925666199,17.956567142857143,80.79376714285715,0.5658371384590096,0.13542157745323152,2.698571428571429,2.91,4.11,0.9311360189114616,314.7085714285714,333.75,289.9971428571428,0.8571428571428571,0.14285714285714285,0.0,baseline_st_dbscan,1.0,48.0,2,0.65712,0.8571,0.0,1.0,4.0,3.0,4.0,high,A_persistent_robust
evt_30,6,2026-09-06 02:16:00+05:30,2026-09-08 01:40:00+05:30,3,1.975,2.0168067226890756,21.336415,78.96951166666666,0.4297549987771494,0.10697429270232876,1.4033333333333333,1.28,2.74,0.699190007556363,309.965,321.89,289.145,1.0,0.0,0.0,baseline_st_dbscan,1.0,48.0,2,0.76666,1.0,0.0,1.0,4.0,4.0,4.0,high,A_persistent_robust
evt_19,34,2026-08-31 02:29:00+05:30,2026-09-06 13:31:00+05:30,7,6.459722222222222,4.557810463600819,21.104695294117647,72.6415538235294,0.9149187136672999,0.17863505870998755,4.212058823529411,4.08,8.99,2.557129995642919,320.24588235294107,347.86,289.7420588235294,0.7941176470588235,0.20588235294117646,0.0,baseline_st_dbscan,1.0,48.0,2,0.5239,0.5294,0.1765,1.0,3.0,1.0,5.0,moderate,B_persistent_sensitive
evt_12,17,2026-08-23 01:40:00+05:30,2026-08-29 03:08:00+05:30,5,6.061111111111111,2.4075531077891426,21.10561294117647,72.64219058823528,1.00333933843614,0.2268579670777695,3.9823529411764707,2.66,11.1,3.460885958486217,316.72411764705885,355.87,285.8135294117647,0.8823529411764706,0.11764705882352941,0.0,baseline_st_dbscan,1.0,48.0,2,0.30018,0.2656,0.1765,0.5294,1.0,0.0,5.0,low,B_persistent_sensitive
evt_20,14,2026-09-03 01:34:00+05:30,2026-09-05 02:36:00+05:30,3,2.0430555555555556,4.600638977635783,18.68598,73.03705357142856,1.022367732903094,0.22024207762316392,2.551428571428572,2.525,5.14,1.0799420008846425,308.2,334.81,287.7957142857143,0.9285714285714286,0.07142857142857142,0.0,baseline_st_dbscan,1.0,48.0,2,0.513,0.5,0.1429,1.0,3.0,1.0,5.0,moderate,B_persistent_sensitive
evt_17,7,2026-08-30 02:51:00+05:30,2026-09-01 02:12:00+05:30,2,1.9729166666666667,2.3545900490539595,18.683455714285714,73.03341142857143,0.5648953686458709,0.16963060280088968,1.817142857142857,1.66,3.11,0.6425914794982964,305.77571428571434,312.61,289.42857142857144,1.0,0.0,0.0,baseline_st_dbscan,1.0,48.0,2,0.54934,0.5714,0.2857,1.0,3.0,1.0,5.0,moderate,C_recurrent_weak
evt_21,6,2026-09-03 01:34:00+05:30,2026-09-04 02:55:00+05:30,2,1.05625,2.917933130699088,21.164648333333332,72.66930666666667,0.7406265232716839,0.2121766216531654,4.1433333333333335,4.37,7.63,2.209087292676925,322.59166666666664,339.36,289.1433333333333,1.0,0.0,0.0,baseline_st_dbscan,1.0,48.0,2,0.76666,0.8333,0.3333,1.0,4.0,3.0,5.0,high,C_recurrent_weak
evt_13,4,2026-08-25 02:44:00+05:30,2026-08-27 02:06:00+05:30,2,1.9736111111111112,1.3451658103689863,18.68438,73.0337675,0.5436104134192518,0.1495497088546953,2.2699999999999996,2.2,2.8,0.4646145355740247,307.625,312.29,289.99,1.0,0.0,0.0,baseline_st_dbscan,1.0,48.0,2,0.45,0.5,0.0,1.0,3.0,1.0,3.0,moderate,C_recurrent_weak
evt_4,4,2026-08-14 14:00:00+05:30,2026-08-16 02:12:00+05:30,2,1.5083333333333333,1.5946843853820598,18.685825,73.0391025,0.7625950231617604,0.24772160032702825,5.15,4.42,8.31,2.1564786110694447,315.21999999999997,336.58,289.38,0.75,0.25,0.0,baseline_st_dbscan,1.0,48.0,2,0.35,0.0,0.0,1.0,2.0,1.0,2.0,low,C_recurrent_weak
evt_0,3,2026-08-10 13:33:00+05:30,2026-08-12 01:47:00+05:30,2,1.5097222222222222,1.1953514111787493,17.95790666666667,80.79557666666666,0.2439635900466959,0.051261304716297404,2.32,2.07,2.82,0.4330127018922193,318.76,331.58,293.24666666666667,0.6666666666666666,0.3333333333333333,0.0,baseline_st_dbscan,1.0,48.0,2,0.73334,1.0,0.0,1.0,4.0,3.0,4.0,high,C_recurrent_weak
evt_15,3,2026-08-28 01:47:00+05:30,2026-08-29 01:27:00+05:30,2,0.9861111111111112,1.5104895104895104,17.463600000000003,80.65324,0.1565408642063393,0.06353857847622006,2.17,2.54,2.91,0.9789279850938986,310.16,319.97,289.06,1.0,0.0,0.0,baseline_st_dbscan,1.0,48.0,2,0.86668,1.0,0.6667,1.0,5.0,3.0,5.0,high,C_recurrent_weak
evt_28,3,2026-09-06 02:16:00+05:30,2026-09-07 01:59:00+05:30,2,0.9881944444444445,1.5089067411805799,15.65855,73.98899333333334,0.21618949168546658,0.06808302555234699,0.5333333333333333,0.59,0.59,0.09814954576223638,304.78666666666663,308.41,288.84333333333336,1.0,0.0,0.0,baseline_st_dbscan,1.0,48.0,2,0.73334,1.0,0.0,1.0,4.0,3.0,4.0,high,C_recurrent_weak
evt_5,3,2026-08-15 02:29:00+05:30,2026-08-16 02:10:00+05:30,2,0.9868055555555556,1.5099615519049283,21.108073333333333,72.64614333333333,0.35598674663147556,0.019929751270831776,2.373333333333333,1.51,4.1,1.4953371972011307,305.03999999999996,316.57,273.54333333333335,1.0,0.0,0.0,baseline_st_dbscan,1.0,48.0,2,0.2093799999999999,0.0,0.0,1.0,1.0,1.0,2.0,low,C_recurrent_weak
evt_31,2,2026-09-07 01:57:00+05:30,2026-09-08 01:40:00+05:30,2,0.9881944444444445,1.0059378274537198,19.929915,79.12208,0.10694306470084078,1.324471123313713e-13,1.2999999999999998,1.2999999999999998,1.38,0.11313708498984755,306.9,307.83,292.75,1.0,0.0,0.0,baseline_st_dbscan,1.0,48.0,2,0.0,0.0,0.0,0.0,0.0,0.0,0.0,low,C_recurrent_weak
evt_32,2,2026-09-07 01:57:00+05:30,2026-09-08 01:40:00+05:30,2,0.9881944444444445,1.0059378274537198,19.936405,73.71266,0.06795564581241559,0.0,1.135,1.135,1.69,0.7848885271170677,308.55499999999995,310.84,286.5,1.0,0.0,0.0,baseline_st_dbscan,1.0,48.0,2,0.0,0.0,0.0,0.0,0.0,0.0,0.0,low,C_recurrent_weak
evt_33,2,2026-09-07 01:57:00+05:30,2026-09-08 01:40:00+05:30,2,0.9881944444444445,1.0059378274537198,20.695735,78.63874,0.033428522467360396,2.7472692795819353e-13,1.125,1.125,1.29,0.23334523779156074,307.90999999999997,309.14,291.66999999999996,1.0,0.0,0.0,baseline_st_dbscan,1.0,48.0,2,0.2,0.0,0.0,1.0,1.0,1.0,1.0,low,C_recurrent_weak
evt_7,2,2026-08-19 14:05:00+05:30,2026-08-20 02:36:00+05:30,2,0.5215277777777778,1.3144682793245093,18.6821,73.035025,0.4189248861565061,1.5830457701318276e-13,2.33,2.33,3.89,2.2061731573020285,318.705,335.52,289.21500000000003,0.5,0.5,0.0,baseline_st_dbscan,1.0,48.0,2,0.0,0.0,0.0,0.0,0.0,0.0,0.0,low,C_recurrent_weak
evt_8,2,2026-08-19 14:05:00+05:30,2026-08-20 13:48:00+05:30,2,0.9881944444444445,1.0059378274537198,21.10201,72.634735,0.1222696897559644,1.2853169389900053e-13,6.0,6.0,10.43,6.264966081312811,333.14,334.49,292.94,0.0,1.0,0.0,baseline_st_dbscan,1.0,48.0,2,0.00624,0.0,0.0,0.0312,0.0,0.0,1.0,low,C_recurrent_weak
evt_11,5,2026-08-23 01:40:00+05:30,2026-08-23 03:20:00+05:30,1,0.06944444444444445,4.675324675324675,21.105112,72.634668,0.4441932637352294,0.1557004922033796,2.2940000000000005,2.38,3.3,0.6982692890282373,304.806,314.08,279.226,1.0,0.0,0.0,baseline_st_dbscan,1.0,48.0,2,0.73562,1.0,0.0781,1.0,4.0,3.0,5.0,high,C_recurrent_weak
evt_2,3,2026-08-11 13:14:00+05:30,2026-08-11 13:14:00+05:30,1,0.0,3.0,16.190073333333334,79.21946333333334,0.34486909930208887,0.06285681109558706,4.386666666666667,3.79,5.58,1.0334569818494301,337.4766666666667,341.68,298.37,0.0,1.0,0.0,baseline_st_dbscan,1.0,48.0,2,0.8,1.0,0.0,1.0,4.0,4.0,4.0,high,C_recurrent_weak
evt_3,3,2026-08-13 01:25:00+05:30,2026-08-13 01:25:00+05:30,1,0.0,3.0,21.242843333333333,79.22364666666665,0.4398068697044716,0.12245027096886561,0.5233333333333333,0.52,0.63,0.10503967504392488,300.03000000000003,300.81,275.83666666666664,1.0,0.0,0.0,baseline_st_dbscan,1.0,48.0,2,0.66668,0.6667,0.0,1.0,4.0,2.0,4.0,moderate,C_recurrent_weak
evt_1,2,2026-08-11 02:04:00+05:30,2026-08-11 02:04:00+05:30,1,0.0,2.0,18.717959999999998,79.53813,0.2750162839546693,2.241306984771089e-13,1.645,1.645,1.69,0.06363961030678918,308.775,309.87,289.43,1.0,0.0,0.0,baseline_st_dbscan,1.0,48.0,2,0.0,0.0,0.0,0.0,0.0,0.0,0.0,low,C_recurrent_weak
evt_10,2,2026-08-22 01:57:00+05:30,2026-08-22 01:57:00+05:30,1,0.0,2.0,17.292265,78.40968000000001,0.12573219873043567,2.6185216979698657e-13,0.87,0.87,1.01,0.19798989873223333,315.65999999999997,316.83,290.36,1.0,0.0,0.0,baseline_st_dbscan,1.0,48.0,2,0.2,0.0,0.0,1.0,1.0,1.0,1.0,low,C_recurrent_weak
evt_16,2,2026-08-29 01:27:00+05:30,2026-08-29 01:27:00+05:30,1,0.0,2.0,15.66023,73.98793,0.10657299598943827,5.741533729909158e-13,0.8049999999999999,0.8049999999999999,0.86,0.07778174593052022,300.51,301.95,285.24,1.0,0.0,0.0,baseline_st_dbscan,1.0,48.0,2,0.4,0.0,0.0,1.0,2.0,2.0,2.0,low,C_recurrent_weak
evt_18,2,2026-08-31 02:29:00+05:30,2026-08-31 02:29:00+05:30,1,0.0,2.0,18.691355,73.041305,0.18794009055845545,1.0040741273282742e-13,2.595,2.595,3.62,1.4495689014324225,312.43,319.89,292.865,1.0,0.0,0.0,baseline_st_dbscan,1.0,48.0,2,0.2,0.0,0.0,1.0,1.0,1.0,1.0,low,C_recurrent_weak
evt_22,2,2026-09-03 14:26:00+05:30,2026-09-03 14:26:00+05:30,1,0.0,2.0,18.518825,74.349485,0.25374176157712364,3.497383154428496e-14,4.86,4.86,4.86,0.0,332.375,334.46,296.225,0.0,1.0,0.0,baseline_st_dbscan,1.0,48.0,2,0.0,0.0,0.0,0.0,0.0,0.0,0.0,low,C_recurrent_weak
evt_23,2,2026-09-04 02:55:00+05:30,2026-09-04 02:55:00+05:30,1,0.0,2.0,16.186705,78.91355,0.2758655420032318,0.0,4.785,4.785,6.01,1.7324116139070413,305.7,307.9,282.42499999999995,1.0,0.0,0.0,baseline_st_dbscan,1.0,48.0,2,0.0,0.0,0.0,0.0,0.0,0.0,0.0,low,C_recurrent_weak
evt_24,2,2026-09-04 02:55:00+05:30,2026-09-04 02:55:00+05:30,1,0.0,2.0,20.35522,72.94927,0.21659151948959812,0.0,0.78,0.78,1.12,0.4808326112068524,304.26,312.62,283.7,1.0,0.0,0.0,baseline_st_dbscan,1.0,48.0,2,0.2,0.0,0.0,1.0,1.0,1.0,1.0,low,C_recurrent_weak
evt_27,2,2026-09-05 02:38:00+05:30,2026-09-05 02:38:00+05:30,1,0.0,2.0,17.052819999999997,75.64325500000001,0.13423950619637162,3.958988134571139e-13,0.6499999999999999,0.6499999999999999,0.7,0.07071067811865474,302.96500000000003,303.85,290.03,1.0,0.0,0.0,baseline_st_dbscan,1.0,48.0,2,0.2,0.0,0.0,1.0,1.0,1.0,1.0,low,C_recurrent_weak
evt_29,2,2026-09-06 02:16:00+05:30,2026-09-06 02:16:00+05:30,1,0.0,2.0,17.140615,77.180845,0.4707061948231766,1.0351619580102128e-12,1.62,1.62,1.68,0.08485281374238562,307.325,308.39,292.96000000000004,1.0,0.0,0.0,baseline_st_dbscan,1.0,48.0,2,0.0,0.0,0.0,0.0,0.0,0.0,0.0,low,C_recurrent_weak
evt_34,2,2026-09-07 01:57:00+05:30,2026-09-07 01:57:00+05:30,1,0.0,2.0,21.791355,80.01792499999999,0.1867409866096679,1.696092378493148e-13,0.72,0.72,0.72,0.0,309.95,311.19,291.09000000000003,1.0,0.0,0.0,baseline_st_dbscan,1.0,48.0,2,0.2,0.0,0.0,1.0,1.0,1.0,1.0,low,C_recurrent_weak
evt_6,2,2026-08-18 01:32:00+05:30,2026-08-18 01:32:00+05:30,1,0.0,2.0,21.10456,72.645415,0.2831001790931054,0.0,3.06,3.06,3.43,0.5232590180780453,307.34000000000003,308.27,282.07,1.0,0.0,0.0,baseline_st_dbscan,1.0,48.0,2,0.00624,0.0,0.0,0.0312,0.0,0.0,1.0,low,C_recurrent_weak
evt_9,2,2026-08-20 02:38:00+05:30,2026-08-20 02:38:00+05:30,1,0.0,2.0,15.658719999999999,73.98854,0.19766955238292977,8.686144004553314e-13,1.28,1.28,1.46,0.25455844122715704,300.96000000000004,303.04,280.91999999999996,1.0,0.0,0.0,baseline_st_dbscan,1.0,48.0,2,0.2,0.0,0.0,1.0,1.0,1.0,1.0,low,C_recurrent_weak
evt_noise_0,1,2026-08-10 13:33:00+05:30,2026-08-10 13:33:00+05:30,1,0.0,1.0,15.66939,80.24091,0.0,,26.37,26.37,26.37,,340.92,340.92,307.19,0.0,1.0,0.0,baseline_st_dbscan,1.0,48.0,2,,,,,,,,,D_singleton
evt_noise_1,1,2026-08-10 13:33:00+05:30,2026-08-10 13:33:00+05:30,1,0.0,1.0,15.73965,76.86564,0.0,,6.36,6.36,6.36,,333.53,333.53,298.41,0.0,1.0,0.0,baseline_st_dbscan,1.0,48.0,2,,,,,,,,,D_singleton
evt_noise_10,1,2026-08-11 13:14:00+05:30,2026-08-11 13:14:00+05:30,1,0.0,1.0,17.07935,79.29828,0.0,,4.78,4.78,4.78,,343.28,343.28,293.19,0.0,1.0,0.0,baseline_st_dbscan,1.0,48.0,2,,,,,,,,,D_singleton
evt_noise_100,1,2026-09-05 13:46:00+05:30,2026-09-05 13:46:00+05:30,1,0.0,1.0,16.59789,77.40491,0.0,,7.02,7.02,7.02,,342.06,342.06,302.15,0.0,1.0,0.0,baseline_st_dbscan,1.0,48.0,2,,,,,,,,,D_singleton
evt_noise_101,1,2026-09-05 13:46:00+05:30,2026-09-05 13:46:00+05:30,1,0.0,1.0,16.8774,79.9932,0.0,,3.15,3.15,3.15,,332.78,332.78,301.37,0.0,1.0,0.0,baseline_st_dbscan,1.0,48.0,2,,,,,,,,,D_singleton
evt_noise_102,1,2026-09-05 13:46:00+05:30,2026-09-05 13:46:00+05:30,1,0.0,1.0,17.07409,78.59189,0.0,,3.91,3.91,3.91,,334.67,334.67,300.67,0.0,1.0,0.0,baseline_st_dbscan,1.0,48.0,2,,,,,,,,,D_singleton
evt_noise_103,1,2026-09-06 02:16:00+05:30,2026-09-06 02:16:00+05:30,1,0.0,1.0,18.04078,74.8643,0.0,,0.83,0.83,0.83,,310.8,310.8,290.71,1.0,0.0,0.0,baseline_st_dbscan,1.0,48.0,2,,,,,,,,,D_singleton
evt_noise_104,1,2026-09-06 02:19:00+05:30,2026-09-06 02:19:00+05:30,1,0.0,1.0,20.65857,78.49527,0.0,,0.7,0.7,0.7,,304.78,304.78,289.97,1.0,0.0,0.0,baseline_st_dbscan,1.0,48.0,2,,,,,,,,,D_singleton
evt_noise_105,1,2026-09-06 13:28:00+05:30,2026-09-06 13:28:00+05:30,1,0.0,1.0,17.24984,78.81324,0.0,,4.69,4.69,4.69,,332.6,332.6,299.0,0.0,1.0,0.0,baseline_st_dbscan,1.0,48.0,2,,,,,,,,,D_singleton
evt_noise_106,1,2026-09-07 01:57:00+05:30,2026-09-07 01:57:00+05:30,1,0.0,1.0,18.72028,79.507,0.0,,2.51,2.51,2.51,,323.64,323.64,293.83,1.0,0.0,0.0,baseline_st_dbscan,1.0,48.0,2,,,,,,,,,D_singleton
evt_noise_107,1,2026-09-07 01:57:00+05:30,2026-09-07 01:57:00+05:30,1,0.0,1.0,19.9218,79.11452,0.0,,1.9,1.9,1.9,,308.01,308.01,293.39,1.0,0.0,0.0,baseline_st_dbscan,1.0,48.0,2,,,,,,,,,D_singleton
evt_noise_108,1,2026-09-07 01:57:00+05:30,2026-09-07 01:57:00+05:30,1,0.0,1.0,19.9623,79.33501,0.0,,1.46,1.46,1.46,,317.82,317.82,292.43,1.0,0.0,0.0,baseline_st_dbscan,1.0,48.0,2,,,,,,,,,D_singleton
evt_noise_109,1,2026-09-07 01:57:00+05:30,2026-09-07 01:57:00+05:30,1,0.0,1.0,21.23326,79.63209,0.0,,0.91,0.91,0.91,,308.52,308.52,292.29,1.0,0.0,0.0,baseline_st_dbscan,1.0,48.0,2,,,,,,,,,D_singleton
evt_noise_11,1,2026-08-11 13:14:00+05:30,2026-08-11 13:14:00+05:30,1,0.0,1.0,17.14975,80.77999,0.0,,6.13,6.13,6.13,,336.15,336.15,296.25,0.0,1.0,0.0,baseline_st_dbscan,1.0,48.0,2,,,,,,,,,D_singleton
evt_noise_110,1,2026-09-07 01:57:00+05:30,2026-09-07 01:57:00+05:30,1,0.0,1.0,21.24365,79.22351,0.0,,1.42,1.42,1.42,,310.91,310.91,290.63,1.0,0.0,0.0,baseline_st_dbscan,1.0,48.0,2,,,,,,,,,D_singleton
evt_noise_111,1,2026-09-07 01:57:00+05:30,2026-09-07 01:57:00+05:30,1,0.0,1.0,21.24928,79.20884,0.0,,1.27,1.27,1.27,,312.66,312.66,290.74,1.0,0.0,0.0,baseline_st_dbscan,1.0,48.0,2,,,,,,,,,D_singleton
evt_noise_112,1,2026-09-07 01:59:00+05:30,2026-09-07 01:59:00+05:30,1,0.0,1.0,16.54707,79.75684,0.0,,1.27,1.27,1.27,,305.42,305.42,290.32,1.0,0.0,0.0,baseline_st_dbscan,1.0,48.0,2,,,,,,,,,D_singleton
evt_noise_113,1,2026-09-07 01:59:00+05:30,2026-09-07 01:59:00+05:30,1,0.0,1.0,17.46283,80.65475,0.0,,0.92,0.92,0.92,,307.66,307.66,279.96,1.0,0.0,0.0,baseline_st_dbscan,1.0,48.0,2,,,,,,,,,D_singleton
evt_noise_114,1,2026-09-07 01:59:00+05:30,2026-09-07 01:59:00+05:30,1,0.0,1.0,17.5851,80.31999,0.0,,0.85,0.85,0.85,,305.01,305.01,289.16,1.0,0.0,0.0,baseline_st_dbscan,1.0,48.0,2,,,,,,,,,D_singleton
evt_noise_115,1,2026-09-07 01:59:00+05:30,2026-09-07 01:59:00+05:30,1,0.0,1.0,18.49386,74.20312,0.0,,1.01,1.01,1.01,,309.64,309.64,289.93,1.0,0.0,0.0,baseline_st_dbscan,1.0,48.0,2,,,,,,,,,D_singleton
evt_noise_116,1,2026-09-07 01:59:00+05:30,2026-09-07 01:59:00+05:30,1,0.0,1.0,18.69176,73.03945,0.0,,1.97,1.97,1.97,,305.78,305.78,290.01,1.0,0.0,0.0,baseline_st_dbscan,1.0,48.0,2,,,,,,,,,D_singleton
evt_noise_117,1,2026-09-07 13:07:00+05:30,2026-09-07 13:07:00+05:30,1,0.0,1.0,15.69215,80.01839,0.0,,4.75,4.75,4.75,,334.19,334.19,300.16,0.0,1.0,0.0,baseline_st_dbscan,1.0,48.0,2,,,,,,,,,D_singleton
evt_noise_118,1,2026-09-07 13:07:00+05:30,2026-09-07 13:07:00+05:30,1,0.0,1.0,15.78737,78.27644,0.0,,1.5,1.5,1.5,,330.57,330.57,295.03,0.0,1.0,0.0,baseline_st_dbscan,1.0,48.0,2,,,,,,,,,D_singleton
evt_noise_119,1,2026-09-07 13:07:00+05:30,2026-09-07 13:07:00+05:30,1,0.0,1.0,16.1232,79.9809,0.0,,3.29,3.29,3.29,,335.62,335.62,297.28,0.0,1.0,0.0,baseline_st_dbscan,1.0,48.0,2,,,,,,,,,D_singleton
evt_noise_12,1,2026-08-12 01:47:00+05:30,2026-08-12 01:47:00+05:30,1,0.0,1.0,17.46195,80.6544,0.0,,1.61,1.61,1.61,,308.67,308.67,288.28,1.0,0.0,0.0,baseline_st_dbscan,1.0,48.0,2,,,,,,,,,D_singleton
evt_noise_120,1,2026-09-07 13:09:00+05:30,2026-09-07 13:09:00+05:30,1,0.0,1.0,16.42542,79.45825,0.0,,4.47,4.47,4.47,,334.26,334.26,295.46,0.0,1.0,0.0,baseline_st_dbscan,1.0,48.0,2,,,,,,,,,D_singleton
evt_noise_121,1,2026-09-07 13:09:00+05:30,2026-09-07 13:09:00+05:30,1,0.0,1.0,16.87874,80.85161,0.0,,3.28,3.28,3.28,,338.45,338.45,295.2,0.0,1.0,0.0,baseline_st_dbscan,1.0,48.0,2,,,,,,,,,D_singleton
evt_noise_122,1,2026-09-07 13:09:00+05:30,2026-09-07 13:09:00+05:30,1,0.0,1.0,16.90787,79.90573,0.0,,3.14,3.14,3.14,,331.26,331.26,291.63,0.0,1.0,0.0,baseline_st_dbscan,1.0,48.0,2,,,,,,,,,D_singleton
evt_noise_123,1,2026-09-07 13:09:00+05:30,2026-09-07 13:09:00+05:30,1,0.0,1.0,17.01457,79.93188,0.0,,4.75,4.75,4.75,,334.31,334.31,292.52,0.0,1.0,0.0,baseline_st_dbscan,1.0,48.0,2,,,,,,,,,D_singleton
evt_noise_124,1,2026-09-08 01:40:00+05:30,2026-09-08 01:40:00+05:30,1,0.0,1.0,19.82112,79.23884,0.0,,0.75,0.75,0.75,,306.04,306.04,292.13,1.0,0.0,0.0,baseline_st_dbscan,1.0,48.0,2,,,,,,,,,D_singleton
evt_noise_13,1,2026-08-13 01:25:00+05:30,2026-08-13 01:25:00+05:30,1,0.0,1.0,21.24792,79.20891,0.0,,0.56,0.56,0.56,,303.12,303.12,275.52,1.0,0.0,0.0,baseline_st_dbscan,1.0,48.0,2,,,,,,,,,D_singleton
evt_noise_14,1,2026-08-13 01:25:00+05:30,2026-08-13 01:25:00+05:30,1,0.0,1.0,21.33618,78.96775,0.0,,1.17,1.17,1.17,,312.5,312.5,274.2,1.0,0.0,0.0,baseline_st_dbscan,1.0,48.0,2,,,,,,,,,D_singleton
evt_noise_15,1,2026-08-14 13:58:00+05:30,2026-08-14 13:58:00+05:30,1,0.0,1.0,15.61406,78.3792,0.0,,12.98,12.98,12.98,,336.76,336.76,296.62,0.0,1.0,0.0,baseline_st_dbscan,1.0,48.0,2,,,,,,,,,D_singleton
evt_noise_16,1,2026-08-14 13:58:00+05:30,2026-08-14 13:58:00+05:30,1,0.0,1.0,15.67526,78.37572,0.0,,5.6,5.6,5.6,,332.72,332.72,294.49,0.0,1.0,0.0,baseline_st_dbscan,1.0,48.0,2,,,,,,,,,D_singleton
evt_noise_17,1,2026-08-14 13:58:00+05:30,2026-08-14 13:58:00+05:30,1,0.0,1.0,15.68431,80.11327,0.0,,3.22,3.22,3.22,,340.56,340.56,298.04,0.0,1.0,0.0,baseline_st_dbscan,1.0,48.0,2,,,,,,,,,D_singleton
evt_noise_18,1,2026-08-14 13:58:00+05:30,2026-08-14 13:58:00+05:30,1,0.0,1.0,15.74877,80.01529,0.0,,3.47,3.47,3.47,,346.84,346.84,296.82,0.0,1.0,0.0,baseline_st_dbscan,1.0,48.0,2,,,,,,,,,D_singleton
evt_noise_19,1,2026-08-14 13:58:00+05:30,2026-08-14 13:58:00+05:30,1,0.0,1.0,15.84728,80.08014,0.0,,2.4,2.4,2.4,,334.29,334.29,296.58,0.0,1.0,0.0,baseline_st_dbscan,1.0,48.0,2,,,,,,,,,D_singleton
evt_noise_2,1,2026-08-10 13:33:00+05:30,2026-08-10 13:33:00+05:30,1,0.0,1.0,19.81181,79.30586,0.0,,1.52,1.52,1.52,,333.62,333.62,298.76,0.0,1.0,0.0,baseline_st_dbscan,1.0,48.0,2,,,,,,,,,D_singleton
evt_noise_20,1,2026-08-15 02:29:00+05:30,2026-08-15 02:29:00+05:30,1,0.0,1.0,21.10971,72.63481,0.0,,3.07,3.07,3.07,,316.45,316.45,285.7,1.0,0.0,0.0,baseline_st_dbscan,1.0,48.0,2,,,,,,,,,D_singleton
evt_noise_21,1,2026-08-15 13:39:00+05:30,2026-08-15 13:39:00+05:30,1,0.0,1.0,17.53543,79.50681,0.0,,4.85,4.85,4.85,,333.28,333.28,294.2,0.0,1.0,0.0,baseline_st_dbscan,1.0,48.0,2,,,,,,,,,D_singleton
evt_noise_22,1,2026-08-15 13:39:00+05:30,2026-08-15 13:39:00+05:30,1,0.0,1.0,18.66053,79.14503,0.0,,10.47,10.47,10.47,,331.03,331.03,293.71,0.0,1.0,0.0,baseline_st_dbscan,1.0,48.0,2,,,,,,,,,D_singleton
evt_noise_23,1,2026-08-15 13:39:00+05:30,2026-08-15 13:39:00+05:30,1,0.0,1.0,18.85886,72.92574,0.0,,6.55,6.55,6.55,,341.49,341.49,288.26,0.0,1.0,0.0,baseline_st_dbscan,1.0,48.0,2,,,,,,,,,D_singleton
evt_noise_24,1,2026-08-16 13:22:00+05:30,2026-08-16 13:22:00+05:30,1,0.0,1.0,16.85509,79.1368,0.0,,4.27,4.27,4.27,,330.97,330.97,292.29,0.0,1.0,0.0,baseline_st_dbscan,1.0,48.0,2,,,,,,,,,D_singleton
evt_noise_25,1,2026-08-17 01:51:00+05:30,2026-08-17 01:51:00+05:30,1,0.0,1.0,16.13906,78.94816,0.0,,1.16,1.16,1.16,,306.38,306.38,289.05,1.0,0.0,0.0,baseline_st_dbscan,1.0,48.0,2,,,,,,,,,D_singleton
evt_noise_26,1,2026-08-17 01:51:00+05:30,2026-08-17 01:51:00+05:30,1,0.0,1.0,16.48338,79.32732,0.0,,2.43,2.43,2.43,,301.16,301.16,283.73,1.0,0.0,0.0,baseline_st_dbscan,1.0,48.0,2,,,,,,,,,D_singleton
evt_noise_27,1,2026-08-17 01:51:00+05:30,2026-08-17 01:51:00+05:30,1,0.0,1.0,16.80935,79.91482,0.0,,2.22,2.22,2.22,,306.66,306.66,291.22,1.0,0.0,0.0,baseline_st_dbscan,1.0,48.0,2,,,,,,,,,D_singleton
evt_noise_28,1,2026-08-17 01:51:00+05:30,2026-08-17 01:51:00+05:30,1,0.0,1.0,17.06268,76.97933,0.0,,1.23,1.23,1.23,,304.44,304.44,290.34,1.0,0.0,0.0,baseline_st_dbscan,1.0,48.0,2,,,,,,,,,D_singleton
evt_noise_29,1,2026-08-17 01:53:00+05:30,2026-08-17 01:53:00+05:30,1,0.0,1.0,15.65948,73.98701,0.0,,1.31,1.31,1.31,,305.13,305.13,288.56,1.0,0.0,0.0,baseline_st_dbscan,1.0,48.0,2,,,,,,,,,D_singleton
evt_noise_3,1,2026-08-11 02:04:00+05:30,2026-08-11 02:04:00+05:30,1,0.0,1.0,19.96435,79.33541,0.0,,1.08,1.08,1.08,,308.94,308.94,289.41,1.0,0.0,0.0,baseline_st_dbscan,1.0,48.0,2,,,,,,,,,D_singleton
evt_noise_30,1,2026-08-20 02:36:00+05:30,2026-08-20 02:36:00+05:30,1,0.0,1.0,17.98492,80.8302,0.0,,1.37,1.37,1.37,,303.98,303.98,284.61,1.0,0.0,0.0,baseline_st_dbscan,1.0,48.0,2,,,,,,,,,D_singleton
evt_noise_31,1,2026-08-20 13:46:00+05:30,2026-08-20 13:46:00+05:30,1,0.0,1.0,16.07496,79.11341,0.0,,3.87,3.87,3.87,,341.12,341.12,298.92,0.0,1.0,0.0,baseline_st_dbscan,1.0,48.0,2,,,,,,,,,D_singleton
evt_noise_32,1,2026-08-20 13:46:00+05:30,2026-08-20 13:46:00+05:30,1,0.0,1.0,16.07655,79.14837,0.0,,1.46,1.46,1.46,,330.86,330.86,298.08,0.0,1.0,0.0,baseline_st_dbscan,1.0,48.0,2,,,,,,,,,D_singleton
evt_noise_33,1,2026-08-20 13:46:00+05:30,2026-08-20 13:46:00+05:30,1,0.0,1.0,17.77165,79.02434,0.0,,2.96,2.96,2.96,,336.41,336.41,295.03,0.0,1.0,0.0,baseline_st_dbscan,1.0,48.0,2,,,,,,,,,D_singleton
evt_noise_34,1,2026-08-20 13:46:00+05:30,2026-08-20 13:46:00+05:30,1,0.0,1.0,17.95594,80.79374,0.0,,6.47,6.47,6.47,,337.11,337.11,297.0,0.0,1.0,0.0,baseline_st_dbscan,1.0,48.0,2,,,,,,,,,D_singleton
evt_noise_35,1,2026-08-20 13:48:00+05:30,2026-08-20 13:48:00+05:30,1,0.0,1.0,21.10694,72.64742,0.0,,13.54,13.54,13.54,,340.92,340.92,299.37,0.0,1.0,0.0,baseline_st_dbscan,1.0,48.0,2,,,,,,,,,D_singleton
evt_noise_36,1,2026-08-21 02:16:00+05:30,2026-08-21 02:16:00+05:30,1,0.0,1.0,16.20556,75.20766,0.0,,0.67,0.67,0.67,,303.43,303.43,291.13,1.0,0.0,0.0,baseline_st_dbscan,1.0,48.0,2,,,,,,,,,D_singleton
evt_noise_37,1,2026-08-21 02:19:00+05:30,2026-08-21 02:19:00+05:30,1,0.0,1.0,18.71585,79.53936,0.0,,2.11,2.11,2.11,,301.57,301.57,288.1,1.0,0.0,0.0,baseline_st_dbscan,1.0,48.0,2,,,,,,,,,D_singleton
evt_noise_38,1,2026-08-21 13:28:00+05:30,2026-08-21 13:28:00+05:30,1,0.0,1.0,16.29151,80.82072,0.0,,4.54,4.54,4.54,,334.45,334.45,298.58,0.0,1.0,0.0,baseline_st_dbscan,1.0,48.0,2,,,,,,,,,D_singleton
evt_noise_39,1,2026-08-22 01:57:00+05:30,2026-08-22 01:57:00+05:30,1,0.0,1.0,16.87195,80.02106,0.0,,1.5,1.5,1.5,,308.57,308.57,290.85,1.0,0.0,0.0,baseline_st_dbscan,1.0,48.0,2,,,,,,,,,D_singleton
evt_noise_4,1,2026-08-11 13:14:00+05:30,2026-08-11 13:14:00+05:30,1,0.0,1.0,15.61035,79.47829,0.0,,2.44,2.44,2.44,,333.92,333.92,300.29,0.0,1.0,0.0,baseline_st_dbscan,1.0,48.0,2,,,,,,,,,D_singleton
evt_noise_40,1,2026-08-22 01:57:00+05:30,2026-08-22 01:57:00+05:30,1,0.0,1.0,17.08458,79.32294,0.0,,2.91,2.91,2.91,,309.57,309.57,292.48,1.0,0.0,0.0,baseline_st_dbscan,1.0,48.0,2,,,,,,,,,D_singleton
evt_noise_41,1,2026-08-22 01:57:00+05:30,2026-08-22 01:57:00+05:30,1,0.0,1.0,17.37035,77.44494,0.0,,0.79,0.79,0.79,,304.8,304.8,292.06,1.0,0.0,0.0,baseline_st_dbscan,1.0,48.0,2,,,,,,,,,D_singleton
evt_noise_42,1,2026-08-22 01:57:00+05:30,2026-08-22 01:57:00+05:30,1,0.0,1.0,18.8016,74.25277,0.0,,0.73,0.73,0.73,,301.85,301.85,279.71,1.0,0.0,0.0,baseline_st_dbscan,1.0,48.0,2,,,,,,,,,D_singleton
evt_noise_43,1,2026-08-22 13:07:00+05:30,2026-08-22 13:07:00+05:30,1,0.0,1.0,16.19788,78.35836,0.0,,3.75,3.75,3.75,,333.26,333.26,282.6,0.0,1.0,0.0,baseline_st_dbscan,1.0,48.0,2,,,,,,,,,D_singleton
evt_noise_44,1,2026-08-22 13:07:00+05:30,2026-08-22 13:07:00+05:30,1,0.0,1.0,16.66123,77.32803,0.0,,4.72,4.72,4.72,,335.42,335.42,294.4,0.0,1.0,0.0,baseline_st_dbscan,1.0,48.0,2,,,,,,,,,D_singleton
evt_noise_45,1,2026-08-23 01:40:00+05:30,2026-08-23 01:40:00+05:30,1,0.0,1.0,17.14179,77.18325,0.0,,0.97,0.97,0.97,,300.35,300.35,286.5,1.0,0.0,0.0,baseline_st_dbscan,1.0,48.0,2,,,,,,,,,D_singleton
evt_noise_46,1,2026-08-24 03:01:00+05:30,2026-08-24 03:01:00+05:30,1,0.0,1.0,16.7534,74.28566,0.0,,0.63,0.63,0.63,,301.79,301.79,282.91,1.0,0.0,0.0,baseline_st_dbscan,1.0,48.0,2,,,,,,,,,D_singleton
evt_noise_47,1,2026-08-25 02:42:00+05:30,2026-08-25 02:42:00+05:30,1,0.0,1.0,20.35698,72.95097,0.0,,2.0,2.0,2.0,,301.25,301.25,288.29,1.0,0.0,0.0,baseline_st_dbscan,1.0,48.0,2,,,,,,,,,D_singleton
evt_noise_48,1,2026-08-25 13:52:00+05:30,2026-08-25 13:52:00+05:30,1,0.0,1.0,15.65774,78.98273,0.0,,6.07,6.07,6.07,,344.31,344.31,299.23,0.0,1.0,0.0,baseline_st_dbscan,1.0,48.0,2,,,,,,,,,D_singleton
evt_noise_49,1,2026-08-25 13:52:00+05:30,2026-08-25 13:52:00+05:30,1,0.0,1.0,16.00588,79.10636,0.0,,1.63,1.63,1.63,,330.37,330.37,297.38,0.0,1.0,0.0,baseline_st_dbscan,1.0,48.0,2,,,,,,,,,D_singleton
evt_noise_5,1,2026-08-11 13:14:00+05:30,2026-08-11 13:14:00+05:30,1,0.0,1.0,15.74237,79.7478,0.0,,13.35,13.35,13.35,,367.0,367.0,301.79,0.0,1.0,1.0,baseline_st_dbscan,1.0,48.0,2,,,,,,,,,D_singleton
evt_noise_50,1,2026-08-25 13:52:00+05:30,2026-08-25 13:52:00+05:30,1,0.0,1.0,17.08652,79.68517,0.0,,3.75,3.75,3.75,,330.79,330.79,293.24,0.0,1.0,0.0,baseline_st_dbscan,1.0,48.0,2,,,,,,,,,D_singleton
evt_noise_51,1,2026-08-26 02:23:00+05:30,2026-08-26 02:23:00+05:30,1,0.0,1.0,18.80515,74.26173,0.0,,0.58,0.58,0.58,,306.85,306.85,290.55,1.0,0.0,0.0,baseline_st_dbscan,1.0,48.0,2,,,,,,,,,D_singleton
evt_noise_52,1,2026-08-26 02:23:00+05:30,2026-08-26 02:23:00+05:30,1,0.0,1.0,21.46661,80.1269,0.0,,0.53,0.53,0.53,,300.63,300.63,271.13,1.0,0.0,0.0,baseline_st_dbscan,1.0,48.0,2,,,,,,,,,D_singleton
evt_noise_53,1,2026-08-26 02:25:00+05:30,2026-08-26 02:25:00+05:30,1,0.0,1.0,19.82175,79.2376,0.0,,0.86,0.86,0.86,,301.47,301.47,286.07,1.0,0.0,0.0,baseline_st_dbscan,1.0,48.0,2,,,,,,,,,D_singleton
evt_noise_54,1,2026-08-26 13:33:00+05:30,2026-08-26 13:33:00+05:30,1,0.0,1.0,16.40065,79.36692,0.0,,4.44,4.44,4.44,,335.87,335.87,297.3,0.0,1.0,0.0,baseline_st_dbscan,1.0,48.0,2,,,,,,,,,D_singleton
evt_noise_55,1,2026-08-26 13:33:00+05:30,2026-08-26 13:33:00+05:30,1,0.0,1.0,18.54734,74.17914,0.0,,5.43,5.43,5.43,,332.83,332.83,294.44,0.0,1.0,0.0,baseline_st_dbscan,1.0,48.0,2,,,,,,,,,D_singleton
evt_noise_56,1,2026-08-27 02:06:00+05:30,2026-08-27 02:06:00+05:30,1,0.0,1.0,15.68362,78.45876,0.0,,0.94,0.94,0.94,,306.97,306.97,292.66,1.0,0.0,0.0,baseline_st_dbscan,1.0,48.0,2,,,,,,,,,D_singleton
evt_noise_57,1,2026-08-27 02:06:00+05:30,2026-08-27 02:06:00+05:30,1,0.0,1.0,16.63467,74.34213,0.0,,0.52,0.52,0.52,,301.82,301.82,290.9,1.0,0.0,0.0,baseline_st_dbscan,1.0,48.0,2,,,,,,,,,D_singleton
evt_noise_58,1,2026-08-27 02:06:00+05:30,2026-08-27 02:06:00+05:30,1,0.0,1.0,18.95733,73.94366,0.0,,2.23,2.23,2.23,,324.36,324.36,290.0,1.0,0.0,0.0,baseline_st_dbscan,1.0,48.0,2,,,,,,,,,D_singleton
evt_noise_59,1,2026-08-27 13:16:00+05:30,2026-08-27 13:16:00+05:30,1,0.0,1.0,17.64342,74.69589,0.0,,4.07,4.07,4.07,,335.54,335.54,291.34,0.0,1.0,0.0,baseline_st_dbscan,1.0,48.0,2,,,,,,,,,D_singleton
evt_noise_6,1,2026-08-11 13:14:00+05:30,2026-08-11 13:14:00+05:30,1,0.0,1.0,15.76487,79.08978,0.0,,4.03,4.03,4.03,,335.82,335.82,300.82,0.0,1.0,0.0,baseline_st_dbscan,1.0,48.0,2,,,,,,,,,D_singleton
evt_noise_60,1,2026-08-28 01:47:00+05:30,2026-08-28 01:47:00+05:30,1,0.0,1.0,15.84457,79.77414,0.0,,3.7,3.7,3.7,,312.68,312.68,293.76,1.0,0.0,0.0,baseline_st_dbscan,1.0,48.0,2,,,,,,,,,D_singleton
evt_noise_61,1,2026-08-28 01:47:00+05:30,2026-08-28 01:47:00+05:30,1,0.0,1.0,15.99257,78.3996,0.0,,1.89,1.89,1.89,,304.82,304.82,283.96,1.0,0.0,0.0,baseline_st_dbscan,1.0,48.0,2,,,,,,,,,D_singleton
evt_noise_62,1,2026-08-28 01:47:00+05:30,2026-08-28 01:47:00+05:30,1,0.0,1.0,16.54488,79.75774,0.0,,3.09,3.09,3.09,,307.31,307.31,293.17,1.0,0.0,0.0,baseline_st_dbscan,1.0,48.0,2,,,,,,,,,D_singleton
evt_noise_63,1,2026-08-28 12:56:00+05:30,2026-08-28 12:56:00+05:30,1,0.0,1.0,15.63637,79.58625,0.0,,4.78,4.78,4.78,,330.26,330.26,295.72,0.0,1.0,0.0,baseline_st_dbscan,1.0,48.0,2,,,,,,,,,D_singleton
evt_noise_64,1,2026-08-28 12:56:00+05:30,2026-08-28 12:56:00+05:30,1,0.0,1.0,15.76769,79.49413,0.0,,3.29,3.29,3.29,,331.28,331.28,292.63,0.0,1.0,0.0,baseline_st_dbscan,1.0,48.0,2,,,,,,,,,D_singleton
evt_noise_65,1,2026-08-29 14:18:00+05:30,2026-08-29 14:18:00+05:30,1,0.0,1.0,16.22416,80.35689,0.0,,3.15,3.15,3.15,,334.08,334.08,290.07,0.0,1.0,0.0,baseline_st_dbscan,1.0,48.0,2,,,,,,,,,D_singleton
evt_noise_66,1,2026-08-29 14:18:00+05:30,2026-08-29 14:18:00+05:30,1,0.0,1.0,16.34823,78.444,0.0,,3.06,3.06,3.06,,337.73,337.73,290.62,0.0,1.0,0.0,baseline_st_dbscan,1.0,48.0,2,,,,,,,,,D_singleton
evt_noise_67,1,2026-08-30 02:51:00+05:30,2026-08-30 02:51:00+05:30,1,0.0,1.0,18.77881,73.74908,0.0,,0.99,0.99,0.99,,300.74,300.74,286.8,1.0,0.0,0.0,baseline_st_dbscan,1.0,48.0,2,,,,,,,,,D_singleton
evt_noise_68,1,2026-08-30 13:58:00+05:30,2026-08-30 13:58:00+05:30,1,0.0,1.0,15.93384,79.5267,0.0,,4.06,4.06,4.06,,343.13,343.13,289.76,0.0,1.0,0.0,baseline_st_dbscan,1.0,48.0,2,,,,,,,,,D_singleton
evt_noise_69,1,2026-08-30 14:00:00+05:30,2026-08-30 14:00:00+05:30,1,0.0,1.0,19.7772,73.79005,0.0,,2.03,2.03,2.03,,333.97,333.97,293.26,0.0,1.0,0.0,baseline_st_dbscan,1.0,48.0,2,,,,,,,,,D_singleton
evt_noise_7,1,2026-08-11 13:14:00+05:30,2026-08-11 13:14:00+05:30,1,0.0,1.0,15.82722,80.0759,0.0,,3.41,3.41,3.41,,337.76,337.76,299.81,0.0,1.0,0.0,baseline_st_dbscan,1.0,48.0,2,,,,,,,,,D_singleton
evt_noise_70,1,2026-08-30 14:00:00+05:30,2026-08-30 14:00:00+05:30,1,0.0,1.0,21.17639,74.58324,0.0,,1.91,1.91,1.91,,334.94,334.94,291.83,0.0,1.0,0.0,baseline_st_dbscan,1.0,48.0,2,,,,,,,,,D_singleton
evt_noise_71,1,2026-08-31 02:29:00+05:30,2026-08-31 02:29:00+05:30,1,0.0,1.0,18.54634,74.25378,0.0,,1.13,1.13,1.13,,311.92,311.92,289.64,1.0,0.0,0.0,baseline_st_dbscan,1.0,48.0,2,,,,,,,,,D_singleton
evt_noise_72,1,2026-08-31 02:29:00+05:30,2026-08-31 02:29:00+05:30,1,0.0,1.0,19.93695,73.71136,0.0,,2.32,2.32,2.32,,323.05,323.05,287.35,1.0,0.0,0.0,baseline_st_dbscan,1.0,48.0,2,,,,,,,,,D_singleton
evt_noise_73,1,2026-08-31 02:29:00+05:30,2026-08-31 02:29:00+05:30,1,0.0,1.0,20.35619,72.94963,0.0,,1.84,1.84,1.84,,305.96,305.96,291.96,1.0,0.0,0.0,baseline_st_dbscan,1.0,48.0,2,,,,,,,,,D_singleton
evt_noise_74,1,2026-08-31 02:29:00+05:30,2026-08-31 02:29:00+05:30,1,0.0,1.0,21.26307,72.94081,0.0,,2.1,2.1,2.1,,312.03,312.03,293.36,1.0,0.0,0.0,baseline_st_dbscan,1.0,48.0,2,,,,,,,,,D_singleton
evt_noise_75,1,2026-09-01 02:12:00+05:30,2026-09-01 02:12:00+05:30,1,0.0,1.0,15.65919,73.98986,0.0,,1.8,1.8,1.8,,315.41,315.41,289.55,1.0,0.0,0.0,baseline_st_dbscan,1.0,48.0,2,,,,,,,,,D_singleton
evt_noise_76,1,2026-09-01 02:12:00+05:30,2026-09-01 02:12:00+05:30,1,0.0,1.0,17.06269,76.97835,0.0,,0.84,0.84,0.84,,306.39,306.39,286.56,1.0,0.0,0.0,baseline_st_dbscan,1.0,48.0,2,,,,,,,,,D_singleton
evt_noise_77,1,2026-09-01 02:12:00+05:30,2026-09-01 02:12:00+05:30,1,0.0,1.0,17.43479,74.96613,0.0,,0.74,0.74,0.74,,307.73,307.73,289.13,1.0,0.0,0.0,baseline_st_dbscan,1.0,48.0,2,,,,,,,,,D_singleton
evt_noise_78,1,2026-09-01 02:12:00+05:30,2026-09-01 02:12:00+05:30,1,0.0,1.0,18.42431,74.38948,0.0,,0.44,0.44,0.44,,307.81,307.81,290.41,1.0,0.0,0.0,baseline_st_dbscan,1.0,48.0,2,,,,,,,,,D_singleton
evt_noise_79,1,2026-09-01 02:12:00+05:30,2026-09-01 02:12:00+05:30,1,0.0,1.0,18.59601,74.25494,0.0,,1.7,1.7,1.7,,317.81,317.81,290.26,1.0,0.0,0.0,baseline_st_dbscan,1.0,48.0,2,,,,,,,,,D_singleton
evt_noise_8,1,2026-08-11 13:14:00+05:30,2026-08-11 13:14:00+05:30,1,0.0,1.0,16.58509,80.65373,0.0,,9.49,9.49,9.49,,351.25,351.25,296.0,0.0,1.0,0.0,baseline_st_dbscan,1.0,48.0,2,,,,,,,,,D_singleton
evt_noise_80,1,2026-09-01 13:22:00+05:30,2026-09-01 13:22:00+05:30,1,0.0,1.0,15.88993,79.82246,0.0,,7.0,7.0,7.0,,339.55,339.55,299.72,0.0,1.0,0.0,baseline_st_dbscan,1.0,48.0,2,,,,,,,,,D_singleton
evt_noise_81,1,2026-09-01 13:22:00+05:30,2026-09-01 13:22:00+05:30,1,0.0,1.0,17.95781,80.79736,0.0,,5.73,5.73,5.73,,336.54,336.54,292.25,0.0,1.0,0.0,baseline_st_dbscan,1.0,48.0,2,,,,,,,,,D_singleton
evt_noise_82,1,2026-09-02 01:51:00+05:30,2026-09-02 01:51:00+05:30,1,0.0,1.0,18.73882,74.40549,0.0,,0.54,0.54,0.54,,299.3,299.3,284.89,1.0,0.0,0.0,baseline_st_dbscan,1.0,48.0,2,,,,,,,,,D_singleton
evt_noise_83,1,2026-09-02 13:01:00+05:30,2026-09-02 13:01:00+05:30,1,0.0,1.0,15.95654,79.91642,0.0,,4.66,4.66,4.66,,341.23,341.23,293.08,0.0,1.0,0.0,baseline_st_dbscan,1.0,48.0,2,,,,,,,,,D_singleton
evt_noise_84,1,2026-09-02 13:03:00+05:30,2026-09-02 13:03:00+05:30,1,0.0,1.0,17.67918,75.30824,0.0,,6.74,6.74,6.74,,332.06,332.06,286.29,0.0,1.0,0.0,baseline_st_dbscan,1.0,48.0,2,,,,,,,,,D_singleton
evt_noise_85,1,2026-09-03 01:34:00+05:30,2026-09-03 01:34:00+05:30,1,0.0,1.0,15.78634,80.24809,0.0,,1.63,1.63,1.63,,304.51,304.51,283.42,1.0,0.0,0.0,baseline_st_dbscan,1.0,48.0,2,,,,,,,,,D_singleton
evt_noise_86,1,2026-09-03 14:26:00+05:30,2026-09-03 14:26:00+05:30,1,0.0,1.0,18.56307,74.36423,0.0,,7.46,7.46,7.46,,332.55,332.55,297.39,0.0,1.0,0.0,baseline_st_dbscan,1.0,48.0,2,,,,,,,,,D_singleton
evt_noise_87,1,2026-09-04 01:17:00+05:30,2026-09-04 01:17:00+05:30,1,0.0,1.0,17.3574,76.87903,0.0,,0.63,0.63,0.63,,295.01,295.01,274.37,1.0,0.0,0.0,baseline_st_dbscan,1.0,48.0,2,,,,,,,,,D_singleton
evt_noise_88,1,2026-09-05 02:36:00+05:30,2026-09-05 02:36:00+05:30,1,0.0,1.0,18.2715,74.19861,0.0,,0.84,0.84,0.84,,304.38,304.38,290.01,1.0,0.0,0.0,baseline_st_dbscan,1.0,48.0,2,,,,,,,,,D_singleton
evt_noise_89,1,2026-09-05 02:36:00+05:30,2026-09-05 02:36:00+05:30,1,0.0,1.0,21.43225,72.97722,0.0,,1.2,1.2,1.2,,304.92,304.92,290.99,1.0,0.0,0.0,baseline_st_dbscan,1.0,48.0,2,,,,,,,,,D_singleton
evt_noise_9,1,2026-08-11 13:14:00+05:30,2026-08-11 13:14:00+05:30,1,0.0,1.0,17.03344,80.86896,0.0,,3.2,3.2,3.2,,330.45,330.45,297.1,0.0,1.0,0.0,baseline_st_dbscan,1.0,48.0,2,,,,,,,,,D_singleton
evt_noise_90,1,2026-09-05 13:46:00+05:30,2026-09-05 13:46:00+05:30,1,0.0,1.0,15.60291,79.61507,0.0,,6.08,6.08,6.08,,338.85,338.85,302.66,0.0,1.0,0.0,baseline_st_dbscan,1.0,48.0,2,,,,,,,,,D_singleton
evt_noise_91,1,2026-09-05 13:46:00+05:30,2026-09-05 13:46:00+05:30,1,0.0,1.0,15.82935,79.52122,0.0,,9.8,9.8,9.8,,340.2,340.2,305.37,0.0,1.0,0.0,baseline_st_dbscan,1.0,48.0,2,,,,,,,,,D_singleton
evt_noise_92,1,2026-09-05 13:46:00+05:30,2026-09-05 13:46:00+05:30,1,0.0,1.0,15.9341,78.1999,0.0,,2.24,2.24,2.24,,330.62,330.62,297.99,0.0,1.0,0.0,baseline_st_dbscan,1.0,48.0,2,,,,,,,,,D_singleton
evt_noise_93,1,2026-09-05 13:46:00+05:30,2026-09-05 13:46:00+05:30,1,0.0,1.0,15.9781,78.4109,0.0,,3.85,3.85,3.85,,334.76,334.76,302.36,0.0,1.0,0.0,baseline_st_dbscan,1.0,48.0,2,,,,,,,,,D_singleton
evt_noise_94,1,2026-09-05 13:46:00+05:30,2026-09-05 13:46:00+05:30,1,0.0,1.0,16.18071,75.15405,0.0,,7.59,7.59,7.59,,337.87,337.87,303.1,0.0,1.0,0.0,baseline_st_dbscan,1.0,48.0,2,,,,,,,,,D_singleton
evt_noise_95,1,2026-09-05 13:46:00+05:30,2026-09-05 13:46:00+05:30,1,0.0,1.0,16.27423,78.39685,0.0,,2.49,2.49,2.49,,339.27,339.27,302.22,0.0,1.0,0.0,baseline_st_dbscan,1.0,48.0,2,,,,,,,,,D_singleton
evt_noise_96,1,2026-09-05 13:46:00+05:30,2026-09-05 13:46:00+05:30,1,0.0,1.0,16.27654,80.32413,0.0,,4.93,4.93,4.93,,337.8,337.8,300.38,0.0,1.0,0.0,baseline_st_dbscan,1.0,48.0,2,,,,,,,,,D_singleton
evt_noise_97,1,2026-09-05 13:46:00+05:30,2026-09-05 13:46:00+05:30,1,0.0,1.0,16.46479,79.59985,0.0,,3.25,3.25,3.25,,337.28,337.28,303.58,0.0,1.0,0.0,baseline_st_dbscan,1.0,48.0,2,,,,,,,,,D_singleton
evt_noise_98,1,2026-09-05 13:46:00+05:30,2026-09-05 13:46:00+05:30,1,0.0,1.0,16.49307,79.94553,0.0,,5.38,5.38,5.38,,334.64,334.64,303.86,0.0,1.0,0.0,baseline_st_dbscan,1.0,48.0,2,,,,,,,,,D_singleton
evt_noise_99,1,2026-09-05 13:46:00+05:30,2026-09-05 13:46:00+05:30,1,0.0,1.0,16.51543,78.36472,0.0,,3.19,3.19,3.19,,334.28,334.28,299.48,0.0,1.0,0.0,baseline_st_dbscan,1.0,48.0,2,,,,,,,,,D_singleton
