reference_event,reference_config,comparison_config,best_matching_cluster,reference_size,overlap_count,jaccard_similarity,precision_of_match,recall_of_match
evt_0,C5,C1,,3,0,0.0,0.0,0.0
evt_0,C5,C2,1.0,3,2,0.6667,1.0,0.6667
evt_0,C5,C3,1.0,3,3,1.0,1.0,1.0
evt_0,C5,C4,0.0,3,3,1.0,1.0,1.0
evt_0,C5,C5,0.0,3,3,1.0,1.0,1.0
evt_0,C5,C6,0.0,3,3,1.0,1.0,1.0
evt_1,C5,C1,,2,0,0.0,0.0,0.0
evt_1,C5,C2,,2,0,0.0,0.0,0.0
evt_1,C5,C3,,2,0,0.0,0.0,0.0
evt_1,C5,C4,,2,0,0.0,0.0,0.0
evt_1,C5,C5,1.0,2,2,1.0,1.0,1.0
evt_1,C5,C6,,2,0,0.0,0.0,0.0
evt_2,C5,C1,,3,0,0.0,0.0,0.0
evt_2,C5,C2,0.0,3,3,1.0,1.0,1.0
evt_2,C5,C3,0.0,3,3,1.0,1.0,1.0
evt_2,C5,C4,1.0,3,3,1.0,1.0,1.0
evt_2,C5,C5,2.0,3,3,1.0,1.0,1.0
evt_2,C5,C6,1.0,3,3,1.0,1.0,1.0
evt_3,C5,C1,0.0,3,2,0.6667,1.0,0.6667
evt_3,C5,C2,2.0,3,2,0.6667,1.0,0.6667
evt_3,C5,C3,,3,0,0.0,0.0,0.0
evt_3,C5,C4,2.0,3,3,1.0,1.0,1.0
evt_3,C5,C5,3.0,3,3,1.0,1.0,1.0
evt_3,C5,C6,2.0,3,3,1.0,1.0,1.0
evt_4,C5,C1,,4,0,0.0,0.0,0.0
evt_4,C5,C2,,4,0,0.0,0.0,0.0
evt_4,C5,C3,,4,0,0.0,0.0,0.0
evt_4,C5,C4,3.0,4,3,0.75,1.0,0.75
evt_4,C5,C5,4.0,4,4,1.0,1.0,1.0
evt_4,C5,C6,3.0,4,4,1.0,1.0,1.0
evt_5,C5,C1,,3,0,0.0,0.0,0.0
evt_5,C5,C2,,3,0,0.0,0.0,0.0
evt_5,C5,C3,,3,0,0.0,0.0,0.0
evt_5,C5,C4,4.0,3,3,1.0,1.0,1.0
evt_5,C5,C5,5.0,3,3,1.0,1.0,1.0
evt_5,C5,C6,4.0,3,3,0.0469,0.0469,1.0
evt_6,C5,C1,,2,0,0.0,0.0,0.0
evt_6,C5,C2,,2,0,0.0,0.0,0.0
evt_6,C5,C3,,2,0,0.0,0.0,0.0
evt_6,C5,C4,,2,0,0.0,0.0,0.0
evt_6,C5,C5,6.0,2,2,1.0,1.0,1.0
evt_6,C5,C6,4.0,2,2,0.0312,0.0312,1.0
evt_7,C5,C1,,2,0,0.0,0.0,0.0
evt_7,C5,C2,,2,0,0.0,0.0,0.0
evt_7,C5,C3,,2,0,0.0,0.0,0.0
evt_7,C5,C4,,2,0,0.0,0.0,0.0
evt_7,C5,C5,7.0,2,2,1.0,1.0,1.0
evt_7,C5,C6,,2,0,0.0,0.0,0.0
evt_8,C5,C1,,2,0,0.0,0.0,0.0
evt_8,C5,C2,,2,0,0.0,0.0,0.0
evt_8,C5,C3,,2,0,0.0,0.0,0.0
evt_8,C5,C4,,2,0,0.0,0.0,0.0
evt_8,C5,C5,8.0,2,2,1.0,1.0,1.0
evt_8,C5,C6,4.0,2,2,0.0312,0.0312,1.0
evt_9,C5,C1,,2,0,0.0,0.0,0.0
evt_9,C5,C2,3.0,2,2,1.0,1.0,1.0
evt_9,C5,C3,,2,0,0.0,0.0,0.0
evt_9,C5,C4,,2,0,0.0,0.0,0.0
evt_9,C5,C5,9.0,2,2,1.0,1.0,1.0
evt_9,C5,C6,,2,0,0.0,0.0,0.0
evt_10,C5,C1,,2,0,0.0,0.0,0.0
evt_10,C5,C2,4.0,2,2,1.0,1.0,1.0
evt_10,C5,C3,,2,0,0.0,0.0,0.0
evt_10,C5,C4,,2,0,0.0,0.0,0.0
evt_10,C5,C5,10.0,2,2,1.0,1.0,1.0
evt_10,C5,C6,,2,0,0.0,0.0,0.0
evt_11,C5,C1,1.0,5,3,0.6,1.0,0.6
evt_11,C5,C2,5.0,5,5,1.0,1.0,1.0
evt_11,C5,C3,2.0,5,5,1.0,1.0,1.0
evt_11,C5,C4,5.0,5,5,1.0,1.0,1.0
evt_11,C5,C5,11.0,5,5,1.0,1.0,1.0
evt_11,C5,C6,4.0,5,5,0.0781,0.0781,1.0
evt_12,C5,C1,2.0,17,3,0.1765,1.0,0.1765
evt_12,C5,C2,6.0,17,3,0.1765,1.0,0.1765
evt_12,C5,C3,5.0,17,6,0.3529,1.0,0.3529
evt_12,C5,C4,6.0,17,9,0.5294,1.0,0.5294
evt_12,C5,C5,12.0,17,17,1.0,1.0,1.0
evt_12,C5,C6,4.0,17,17,0.2656,0.2656,1.0
evt_13,C5,C1,,4,0,0.0,0.0,0.0
evt_13,C5,C2,8.0,4,2,0.5,1.0,0.5
evt_13,C5,C3,,4,0,0.0,0.0,0.0
evt_13,C5,C4,8.0,4,3,0.75,1.0,0.75
evt_13,C5,C5,13.0,4,4,1.0,1.0,1.0
evt_13,C5,C6,5.0,4,4,1.0,1.0,1.0
evt_14,C5,C1,,7,0,0.0,0.0,0.0
evt_14,C5,C2,9.0,7,4,0.5714,1.0,0.5714
evt_14,C5,C3,6.0,7,6,0.8571,1.0,0.8571
evt_14,C5,C4,9.0,7,6,0.8571,1.0,0.8571
evt_14,C5,C5,14.0,7,7,1.0,1.0,1.0
evt_14,C5,C6,6.0,7,7,1.0,1.0,1.0
evt_15,C5,C1,6.0,3,2,0.6667,1.0,0.6667
evt_15,C5,C2,13.0,3,2,0.6667,1.0,0.6667
evt_15,C5,C3,7.0,3,3,1.0,1.0,1.0
evt_15,C5,C4,10.0,3,3,1.0,1.0,1.0
evt_15,C5,C5,15.0,3,3,1.0,1.0,1.0
evt_15,C5,C6,7.0,3,3,1.0,1.0,1.0
evt_16,C5,C1,5.0,2,2,1.0,1.0,1.0
evt_16,C5,C2,12.0,2,2,1.0,1.0,1.0
evt_16,C5,C3,,2,0,0.0,0.0,0.0
evt_16,C5,C4,,2,0,0.0,0.0,0.0
evt_16,C5,C5,16.0,2,2,1.0,1.0,1.0
evt_16,C5,C6,,2,0,0.0,0.0,0.0
evt_17,C5,C1,7.0,7,2,0.2857,1.0,0.2857
evt_17,C5,C2,14.0,7,4,0.5714,1.0,0.5714
evt_17,C5,C3,8.0,7,4,0.5714,1.0,0.5714
evt_17,C5,C4,11.0,7,7,1.0,1.0,1.0
evt_17,C5,C5,17.0,7,7,1.0,1.0,1.0
evt_17,C5,C6,8.0,7,7,0.3182,0.3182,1.0
evt_18,C5,C1,,2,0,0.0,0.0,0.0
evt_18,C5,C2,15.0,2,2,1.0,1.0,1.0
evt_18,C5,C3,,2,0,0.0,0.0,0.0
evt_18,C5,C4,,2,0,0.0,0.0,0.0
evt_18,C5,C5,18.0,2,2,1.0,1.0,1.0
evt_18,C5,C6,,2,0,0.0,0.0,0.0
evt_19,C5,C1,9.0,34,6,0.1765,1.0,0.1765
evt_19,C5,C2,21.0,34,13,0.3824,1.0,0.3824
evt_19,C5,C3,9.0,34,18,0.5294,1.0,0.5294
evt_19,C5,C4,12.0,34,34,1.0,1.0,1.0
evt_19,C5,C5,19.0,34,34,1.0,1.0,1.0
evt_19,C5,C6,4.0,34,34,0.5312,0.5312,1.0
evt_20,C5,C1,8.0,14,2,0.1429,1.0,0.1429
evt_20,C5,C2,22.0,14,4,0.2857,1.0,0.2857
evt_20,C5,C3,11.0,14,7,0.5,1.0,0.5
evt_20,C5,C4,13.0,14,14,1.0,1.0,1.0
evt_20,C5,C5,20.0,14,14,1.0,1.0,1.0
evt_20,C5,C6,8.0,14,14,0.6364,0.6364,1.0
evt_21,C5,C1,12.0,6,2,0.3333,1.0,0.3333
evt_21,C5,C2,26.0,6,4,0.6667,1.0,0.6667
evt_21,C5,C3,13.0,6,5,0.8333,1.0,0.8333
evt_21,C5,C4,14.0,6,6,1.0,1.0,1.0
evt_21,C5,C5,21.0,6,6,1.0,1.0,1.0
evt_21,C5,C6,9.0,6,6,1.0,1.0,1.0
evt_22,C5,C1,,2,0,0.0,0.0,0.0
evt_22,C5,C2,,2,0,0.0,0.0,0.0
evt_22,C5,C3,,2,0,0.0,0.0,0.0
evt_22,C5,C4,,2,0,0.0,0.0,0.0
evt_22,C5,C5,22.0,2,2,1.0,1.0,1.0
evt_22,C5,C6,,2,0,0.0,0.0,0.0
evt_23,C5,C1,,2,0,0.0,0.0,0.0
evt_23,C5,C2,,2,0,0.0,0.0,0.0
evt_23,C5,C3,,2,0,0.0,0.0,0.0
evt_23,C5,C4,,2,0,0.0,0.0,0.0
evt_23,C5,C5,23.0,2,2,1.0,1.0,1.0
evt_23,C5,C6,,2,0,0.0,0.0,0.0
evt_24,C5,C1,,2,0,0.0,0.0,0.0
evt_24,C5,C2,24.0,2,2,1.0,1.0,1.0
evt_24,C5,C3,,2,0,0.0,0.0,0.0
evt_24,C5,C4,,2,0,0.0,0.0,0.0
evt_24,C5,C5,24.0,2,2,1.0,1.0,1.0
evt_24,C5,C6,,2,0,0.0,0.0,0.0
evt_25,C5,C1,,9,0,0.0,0.0,0.0
evt_25,C5,C2,27.0,9,3,0.3333,1.0,0.3333
evt_25,C5,C3,14.0,9,9,1.0,1.0,1.0
evt_25,C5,C4,15.0,9,9,1.0,1.0,1.0
evt_25,C5,C5,25.0,9,9,1.0,1.0,1.0
evt_25,C5,C6,10.0,9,9,1.0,1.0,1.0
evt_26,C5,C1,,7,0,0.0,0.0,0.0
evt_26,C5,C2,28.0,7,2,0.2857,1.0,0.2857
evt_26,C5,C3,17.0,7,7,1.0,1.0,1.0
evt_26,C5,C4,16.0,7,7,1.0,1.0,1.0
evt_26,C5,C5,26.0,7,7,1.0,1.0,1.0
evt_26,C5,C6,11.0,7,7,1.0,1.0,1.0
evt_27,C5,C1,,2,0,0.0,0.0,0.0
evt_27,C5,C2,29.0,2,2,1.0,1.0,1.0
evt_27,C5,C3,,2,0,0.0,0.0,0.0
evt_27,C5,C4,,2,0,0.0,0.0,0.0
evt_27,C5,C5,27.0,2,2,1.0,1.0,1.0
evt_27,C5,C6,,2,0,0.0,0.0,0.0
evt_28,C5,C1,,3,0,0.0,0.0,0.0
evt_28,C5,C2,30.0,3,2,0.6667,1.0,0.6667
evt_28,C5,C3,15.0,3,3,1.0,1.0,1.0
evt_28,C5,C4,17.0,3,3,1.0,1.0,1.0
evt_28,C5,C5,28.0,3,3,1.0,1.0,1.0
evt_28,C5,C6,12.0,3,3,1.0,1.0,1.0
evt_29,C5,C1,,2,0,0.0,0.0,0.0
evt_29,C5,C2,,2,0,0.0,0.0,0.0
evt_29,C5,C3,,2,0,0.0,0.0,0.0
evt_29,C5,C4,,2,0,0.0,0.0,0.0
evt_29,C5,C5,29.0,2,2,1.0,1.0,1.0
evt_29,C5,C6,,2,0,0.0,0.0,0.0
evt_30,C5,C1,,6,0,0.0,0.0,0.0
evt_30,C5,C2,35.0,6,5,0.8333,1.0,0.8333
evt_30,C5,C3,16.0,6,6,1.0,1.0,1.0
evt_30,C5,C4,18.0,6,6,1.0,1.0,1.0
evt_30,C5,C5,30.0,6,6,1.0,1.0,1.0
evt_30,C5,C6,13.0,6,6,1.0,1.0,1.0
evt_31,C5,C1,,2,0,0.0,0.0,0.0
evt_31,C5,C2,,2,0,0.0,0.0,0.0
evt_31,C5,C3,,2,0,0.0,0.0,0.0
evt_31,C5,C4,,2,0,0.0,0.0,0.0
evt_31,C5,C5,31.0,2,2,1.0,1.0,1.0
evt_31,C5,C6,,2,0,0.0,0.0,0.0
evt_32,C5,C1,,2,0,0.0,0.0,0.0
evt_32,C5,C2,,2,0,0.0,0.0,0.0
evt_32,C5,C3,,2,0,0.0,0.0,0.0
evt_32,C5,C4,,2,0,0.0,0.0,0.0
evt_32,C5,C5,32.0,2,2,1.0,1.0,1.0
evt_32,C5,C6,,2,0,0.0,0.0,0.0
evt_33,C5,C1,,2,0,0.0,0.0,0.0
evt_33,C5,C2,34.0,2,2,1.0,1.0,1.0
evt_33,C5,C3,,2,0,0.0,0.0,0.0
evt_33,C5,C4,,2,0,0.0,0.0,0.0
evt_33,C5,C5,33.0,2,2,1.0,1.0,1.0
evt_33,C5,C6,,2,0,0.0,0.0,0.0
evt_34,C5,C1,,2,0,0.0,0.0,0.0
evt_34,C5,C2,36.0,2,2,1.0,1.0,1.0
evt_34,C5,C3,,2,0,0.0,0.0,0.0
evt_34,C5,C4,,2,0,0.0,0.0,0.0
evt_34,C5,C5,34.0,2,2,1.0,1.0,1.0
evt_34,C5,C6,,2,0,0.0,0.0,0.0
